[
  {
    "id": "hyperfranchise",
    "name": "Nike Zoom Cool shoeHyper XD",
    "description": "Cool shoe",
    "image": "images/Nike_Zoom_Hyperfranchise_XD_01.jpg",
    "article_images": [
      {
        "id": "1",
        "image_path": "images/Nike_Zoom_Hyperfranchise_XD_01.jpg"
      },
      {
        "id": "2",
        "image_path": "images/Nike_Zoom_Hyperfranchise_XD_02.jpg"
      },
      {
        "id": "3",
        "image_path": "images/Nike_Zoom_Hyperfranchise_XD_03.jpg"
      }
    ],
    "stores": [
      {
        "id": "1",
        "name": "Cachos",
        "address": "SJO"
      }   
    ],
    "large_image": "images/Nike_Zoom_Hyperfranchise_XD_01.jpg",
    "price": 103.99,
    "url": "http://www.amazon.com/Door-Religious-Knives/dp/B001FGW0UQ/?tag=quirkey-20"
  },
  {
    "id": "maxhamlow",
    "name": "Nike Max H.A.M. Low",
    "description": "Cool shoe",
    "image": "images/Nike_Max_HAM_Low_01.jpg",
    "article_images": [
      {
        "id": "1",
        "image_path": "images/Nike_Max_HAM_Low_01.jpg"
      },
      {
        "id": "2",
        "image_path": "images/Nike_Max_HAM_Low_02.jpg"
      },
      {
        "id": "3",
        "image_path": "images/Nike_Max_HAM_Low_03.jpg"
      }
    ],
    "stores": [
      {
        "id": "1",
        "name": "Cachos",
        "address": "SJO"
      }   
    ],
    "large_image": "images/Nike_Max_HAM_Low_01.jpg",
    "price": 85.99,
    "url": "http://www.amazon.com/Bitte-Orca-Dirty-Projectors/dp/B0026T4RTI/ref=pd_sim_m_12?tag=quirkey-20"
  },
  {
    "id": "conversecoreox",
    "name": "Converse Core Ox",
    "description": "Cool shoe",
    "image": "images/Converse_Core_Ox_01.jpg",
    "article_images": [
      {
        "id": "1",
        "image_path": "images/Converse_Core_Ox_01.jpg"
      },
      {
        "id": "2",
        "image_path": "images/Converse_Core_Ox_02.jpg"
      },
      {
        "id": "3",
        "image_path": "images/Converse_Core_Ox_03.jpg"
      }
    ],
    "stores": [
      {
        "id": "1",
        "name": "Cachos",
        "address": "SJO"
      }   
    ],
    "large_image": "images/Converse_Core_Ox_01.jpg",
    "price": 50.00,
    "url": "http://www.amazon.com/Pains-Being-Pure-Heart/dp/B001LGXIDS/ref=pd_sim_m_44?tag=quirkey-20"
  },
  {
    "id": "converseseasonal",
    "name": "Converse Seasonal",
    "description": "Cool shoe",
    "image": "images/Converse_Seasonal_01.jpg",
    "article_images": [
      {
        "id": "1",
        "image_path": "images/Converse_Seasonal_01.jpg"
      },
      {
        "id": "2",
        "image_path": "images/Converse_Seasonal_02.jpg"
      },
      {
        "id": "3",
        "image_path": "images/Converse_Seasonal_03.jpg"
      }
    ],
    "stores": [
      {
        "id": "1",
        "name": "Cachos",
        "address": "SJO"
      }   
    ],
    "large_image": "images/Converse_Seasonal_01.jpg",
    "price": 50.00,
    "url": "http://www.amazon.com/Pains-Being-Pure-Heart/dp/B001LGXIDS/ref=pd_sim_m_44?tag=quirkey-20"
  },
  {
    "id": "paciano",
    "name": "MAGLI Paciano",
    "description": "Cool shoe",
    "image": "images/BRUNO_MAGLI_Paciano_01.jpg",
    "article_images": [
      {
        "id": "1",
        "image_path": "images/BRUNO_MAGLI_Paciano_01.jpg"
      },
      {
        "id": "2",
        "image_path": "images/BRUNO_MAGLI_Paciano_02.jpg"
      },
      {
        "id": "3",
        "image_path": "images/BRUNO_MAGLI_Paciano_03.jpg"
      }
    ],
    "stores": [
      {
        "id": "1",
        "name": "Cachos",
        "address": "SJO"
      }   
    ],
    "large_image": "images/BRUNO_MAGLI_Paciano_01.jpg",
    "price": 465.00,
    "url": "http://www.amazon.com/Pains-Being-Pure-Heart/dp/B001LGXIDS/ref=pd_sim_m_44?tag=quirkey-20"
  },
  {
    "id": "madhandle",
    "name": "adidas Mad Handle",
    "description": "Cool shoe",
    "image": "images/adidas_Mad_Handle_01.jpg",
    "article_images": [
      {
        "id": "1",
        "image_path": "images/adidas_Mad_Handle_01.jpg"
      },
      {
        "id": "2",
        "image_path": "images/adidas_Mad_Handle_02.jpg"
      },
      {
        "id": "3",
        "image_path": "images/adidas_Mad_Handle_03.jpg"
      }
    ],
    "stores": [
      {
        "id": "1",
        "name": "Cachos",
        "address": "SJO"
      }   
    ],
    "large_image": "images/adidas_Mad_Handle_01.jpg",
    "price": 80.00,
    "url": "http://www.amazon.com/gp/product/B002GNOMJE?ie=UTF8&tag=quirkeycom-20&linkCode=as2&camp=1789&creative=390957&creativeASIN=B002GNOMJE"
  }
]
